Country Name,Country Code,Year,Value
Aruba,ABW,1960,54922
Aruba,ABW,1961,55578
Aruba,ABW,1962,56320
Aruba,ABW,1963,57002
Aruba,ABW,1964,57619
Aruba,ABW,1965,58190
Aruba,ABW,1966,58694
Aruba,ABW,1967,58990
Aruba,ABW,1968,59069
Aruba,ABW,1969,59052
Aruba,ABW,1970,58950
Aruba,ABW,1971,58781
Aruba,ABW,1972,58047
Aruba,ABW,1973,58299
Aruba,ABW,1974,58349
Aruba,ABW,1975,58295
Aruba,ABW,1976,58368
Aruba,ABW,1977,58580
Aruba,ABW,1978,58776
Aruba,ABW,1979,59191
Aruba,ABW,1980,59909
Aruba,ABW,1981,60563
Aruba,ABW,1982,61276
Aruba,ABW,1983,62228
Aruba,ABW,1984,62901
Aruba,ABW,1985,61728
Aruba,ABW,1986,59931
Aruba,ABW,1987,59159
Aruba,ABW,1988,59331
Aruba,ABW,1989,60443
Aruba,ABW,1990,62753
Aruba,ABW,1991,65896
Aruba,ABW,1992,69005
Aruba,ABW,1993,73685
Aruba,ABW,1994,77595
Aruba,ABW,1995,79805
Aruba,ABW,1996,83021
Aruba,ABW,1997,86301
Aruba,ABW,1998,88451
Aruba,ABW,1999,89659
Aruba,ABW,2000,90588
Aruba,ABW,2001,91439
Aruba,ABW,2002,92074
Aruba,ABW,2003,93128
Aruba,ABW,2004,95138
Aruba,ABW,2005,97635
Aruba,ABW,2006,99405
Aruba,ABW,2007,100150
Aruba,ABW,2008,100917
Aruba,ABW,2009,101604
Aruba,ABW,2010,101838
Aruba,ABW,2011,102591
Aruba,ABW,2012,104110
Aruba,ABW,2013,105675
Aruba,ABW,2014,106807
Aruba,ABW,2015,107906
Aruba,ABW,2016,108727
Aruba,ABW,2017,108735
Aruba,ABW,2018,108908
Aruba,ABW,2019,109203
Aruba,ABW,2020,108587
Aruba,ABW,2021,107700
Aruba,ABW,2022,107310
Aruba,ABW,2023,107359
Africa Eastern and Southern,AFE,1960,130072080
Africa Eastern and Southern,AFE,1961,133534923
Africa Eastern and Southern,AFE,1962,137171659
Africa Eastern and Southern,AFE,1963,140945536
Africa Eastern and Southern,AFE,1964,144904094
Africa Eastern and Southern,AFE,1965,149033472
Africa Eastern and Southern,AFE,1966,153281203
Africa Eastern and Southern,AFE,1967,157704381
Africa Eastern and Southern,AFE,1968,162329396
Africa Eastern and Southern,AFE,1969,167088245
Africa Eastern and Southern,AFE,1970,171984985
Africa Eastern and Southern,AFE,1971,177022314
Africa Eastern and Southern,AFE,1972,182126556
Africa Eastern and Southern,AFE,1973,187524135
Africa Eastern and Southern,AFE,1974,193186642
Africa Eastern and Southern,AFE,1975,198914573
Africa Eastern and Southern,AFE,1976,204802976
Africa Eastern and Southern,AFE,1977,210680842
Africa Eastern and Southern,AFE,1978,217074286
Africa Eastern and Southern,AFE,1979,223974122
Africa Eastern and Southern,AFE,1980,230792729
Africa Eastern and Southern,AFE,1981,238043099
Africa Eastern and Southern,AFE,1982,245822010
Africa Eastern and Southern,AFE,1983,253644643
Africa Eastern and Southern,AFE,1984,261458202
Africa Eastern and Southern,AFE,1985,269450407
Africa Eastern and Southern,AFE,1986,277621771
Africa Eastern and Southern,AFE,1987,286067346
Africa Eastern and Southern,AFE,1988,294498625
Africa Eastern and Southern,AFE,1989,302939121
Africa Eastern and Southern,AFE,1990,311748681
Africa Eastern and Southern,AFE,1991,320442961
Africa Eastern and Southern,AFE,1992,329082707
Africa Eastern and Southern,AFE,1993,338324002
Africa Eastern and Southern,AFE,1994,347441809
Africa Eastern and Southern,AFE,1995,356580375
Africa Eastern and Southern,AFE,1996,366138524
Africa Eastern and Southern,AFE,1997,375646235
Africa Eastern and Southern,AFE,1998,385505757
Africa Eastern and Southern,AFE,1999,395750933
Africa Eastern and Southern,AFE,2000,406156661
Africa Eastern and Southern,AFE,2001,416807868
Africa Eastern and Southern,AFE,2002,427820358
Africa Eastern and Southern,AFE,2003,439173286
Africa Eastern and Southern,AFE,2004,450928044
Africa Eastern and Southern,AFE,2005,463076637
Africa Eastern and Southern,AFE,2006,475606210
Africa Eastern and Southern,AFE,2007,488580707
Africa Eastern and Southern,AFE,2008,502070763
Africa Eastern and Southern,AFE,2009,516003448
Africa Eastern and Southern,AFE,2010,530308387
Africa Eastern and Southern,AFE,2011,544737983
Africa Eastern and Southern,AFE,2012,559609961
Africa Eastern and Southern,AFE,2013,575202699
Africa Eastern and Southern,AFE,2014,590968990
Africa Eastern and Southern,AFE,2015,607123269
Africa Eastern and Southern,AFE,2016,623369401
Africa Eastern and Southern,AFE,2017,640058741
Africa Eastern and Southern,AFE,2018,657801085
Africa Eastern and Southern,AFE,2019,675950189
Africa Eastern and Southern,AFE,2020,694446100
Africa Eastern and Southern,AFE,2021,713090928
Africa Eastern and Southern,AFE,2022,731821393
Africa Eastern and Southern,AFE,2023,750503764
Afghanistan,AFG,1960,9035043
Afghanistan,AFG,1961,9214083
Afghanistan,AFG,1962,9404406
Afghanistan,AFG,1963,9604487
Afghanistan,AFG,1964,9814318
Afghanistan,AFG,1965,10036008
Afghanistan,AFG,1966,10266395
Afghanistan,AFG,1967,10505959
Afghanistan,AFG,1968,10756922
Afghanistan,AFG,1969,11017409
Afghanistan,AFG,1970,11290128
Afghanistan,AFG,1971,11567667
Afghanistan,AFG,1972,11853696
Afghanistan,AFG,1973,12157999
Afghanistan,AFG,1974,12469127
Afghanistan,AFG,1975,12773954
Afghanistan,AFG,1976,13059851
Afghanistan,AFG,1977,13340756
Afghanistan,AFG,1978,13611441
Afghanistan,AFG,1979,13655567
Afghanistan,AFG,1980,13169311
Afghanistan,AFG,1981,11937581
Afghanistan,AFG,1982,10991378
Afghanistan,AFG,1983,10917982
Afghanistan,AFG,1984,11190221
Afghanistan,AFG,1985,11426852
Afghanistan,AFG,1986,11420074
Afghanistan,AFG,1987,11387818
Afghanistan,AFG,1988,11523298
Afghanistan,AFG,1989,11874088
Afghanistan,AFG,1990,12045660
Afghanistan,AFG,1991,12238879
Afghanistan,AFG,1992,13278974
Afghanistan,AFG,1993,14943172
Afghanistan,AFG,1994,16250794
Afghanistan,AFG,1995,17065836
Afghanistan,AFG,1996,17763266
Afghanistan,AFG,1997,18452091
Afghanistan,AFG,1998,19159996
Afghanistan,AFG,1999,19887785
Afghanistan,AFG,2000,20130327
Afghanistan,AFG,2001,20284307
Afghanistan,AFG,2002,21378117
Afghanistan,AFG,2003,22733049
Afghanistan,AFG,2004,23560654
Afghanistan,AFG,2005,24404567
Afghanistan,AFG,2006,25424094
Afghanistan,AFG,2007,25909852
Afghanistan,AFG,2008,26482622
Afghanistan,AFG,2009,27466101
Afghanistan,AFG,2010,28284089
Afghanistan,AFG,2011,29347708
Afghanistan,AFG,2012,30560034
Afghanistan,AFG,2013,31622704
Afghanistan,AFG,2014,32792523
Afghanistan,AFG,2015,33831764
Afghanistan,AFG,2016,34700612
Afghanistan,AFG,2017,35688935
Afghanistan,AFG,2018,36743039
Afghanistan,AFG,2019,37856121
Afghanistan,AFG,2020,39068979
Afghanistan,AFG,2021,40000412
Afghanistan,AFG,2022,40578842
Afghanistan,AFG,2023,41454761
Africa Western and Central,AFW,1960,97630925
Africa Western and Central,AFW,1961,99706674
Africa Western and Central,AFW,1962,101854756
Africa Western and Central,AFW,1963,104089175
Africa Western and Central,AFW,1964,106388440
Africa Western and Central,AFW,1965,108772632
Africa Western and Central,AFW,1966,111246953
Africa Western and Central,AFW,1967,113795019
Africa Western and Central,AFW,1968,116444636
Africa Western and Central,AFW,1969,119203521
Africa Western and Central,AFW,1970,122086536
Africa Western and Central,AFW,1971,125072948
Africa Western and Central,AFW,1972,128176494
Africa Western and Central,AFW,1973,131449942
Africa Western and Central,AFW,1974,134911581
Africa Western and Central,AFW,1975,138569918
Africa Western and Central,AFW,1976,142337272
Africa Western and Central,AFW,1977,146258576
Africa Western and Central,AFW,1978,150402616
Africa Western and Central,AFW,1979,154721711
Africa Western and Central,AFW,1980,159166518
Africa Western and Central,AFW,1981,163762473
Africa Western and Central,AFW,1982,168585118
Africa Western and Central,AFW,1983,173255157
Africa Western and Central,AFW,1984,177880746
Africa Western and Central,AFW,1985,182811038
Africa Western and Central,AFW,1986,187889141
Africa Western and Central,AFW,1987,193104347
Africa Western and Central,AFW,1988,198485027
Africa Western and Central,AFW,1989,204062274
Africa Western and Central,AFW,1990,209566031
Africa Western and Central,AFW,1991,215178709
Africa Western and Central,AFW,1992,221191375
Africa Western and Central,AFW,1993,227246778
Africa Western and Central,AFW,1994,233360104
Africa Western and Central,AFW,1995,239801875
Africa Western and Central,AFW,1996,246415446
Africa Western and Central,AFW,1997,253207584
Africa Western and Central,AFW,1998,260297834
Africa Western and Central,AFW,1999,267506298
Africa Western and Central,AFW,2000,274968446
Africa Western and Central,AFW,2001,282780717
Africa Western and Central,AFW,2002,290841795
Africa Western and Central,AFW,2003,299142845
Africa Western and Central,AFW,2004,307725100
Africa Western and Central,AFW,2005,316588476
Africa Western and Central,AFW,2006,325663158
Africa Western and Central,AFW,2007,334984176
Africa Western and Central,AFW,2008,344586109
Africa Western and Central,AFW,2009,354343844
Africa Western and Central,AFW,2010,364358270
Africa Western and Central,AFW,2011,374790143
Africa Western and Central,AFW,2012,385360349
Africa Western and Central,AFW,2013,396030207
Africa Western and Central,AFW,2014,406992047
Africa Western and Central,AFW,2015,418127845
Africa Western and Central,AFW,2016,429454743
Africa Western and Central,AFW,2017,440882906
Africa Western and Central,AFW,2018,452195915
Africa Western and Central,AFW,2019,463365429
Africa Western and Central,AFW,2020,474569351
Africa Western and Central,AFW,2021,485920997
Africa Western and Central,AFW,2022,497387180
Africa Western and Central,AFW,2023,509398589
Angola,AGO,1960,5231654
Angola,AGO,1961,5301583
Angola,AGO,1962,5354310
Angola,AGO,1963,5408320
Angola,AGO,1964,5464187
Angola,AGO,1965,5521981
Angola,AGO,1966,5581386
Angola,AGO,1967,5641807
Angola,AGO,1968,5702699
Angola,AGO,1969,5763685
Angola,AGO,1970,5852788
Angola,AGO,1971,5991102
Angola,AGO,1972,6174262
Angola,AGO,1973,6388528
Angola,AGO,1974,6613367
Angola,AGO,1975,6842947
Angola,AGO,1976,7074664
Angola,AGO,1977,7317829
Angola,AGO,1978,7576734
Angola,AGO,1979,7847207
Angola,AGO,1980,8133872
Angola,AGO,1981,8435607
Angola,AGO,1982,8751648
Angola,AGO,1983,9082983
Angola,AGO,1984,9425917
Angola,AGO,1985,9779120
Angola,AGO,1986,10139450
Angola,AGO,1987,10497858
Angola,AGO,1988,10861291
Angola,AGO,1989,11238562
Angola,AGO,1990,11626360
Angola,AGO,1991,12023529
Angola,AGO,1992,12423712
Angola,AGO,1993,12827135
Angola,AGO,1994,13249764
Angola,AGO,1995,13699778
Angola,AGO,1996,14170973
Angola,AGO,1997,14660413
Angola,AGO,1998,15159370
Angola,AGO,1999,15667235
Angola,AGO,2000,16194869
Angola,AGO,2001,16747208
Angola,AGO,2002,17327699
Angola,AGO,2003,17943712
Angola,AGO,2004,18600423
Angola,AGO,2005,19291161
Angola,AGO,2006,20015279
Angola,AGO,2007,20778561
Angola,AGO,2008,21578655
Angola,AGO,2009,22414773
Angola,AGO,2010,23294825
Angola,AGO,2011,24218352
Angola,AGO,2012,25177394
Angola,AGO,2013,26165620
Angola,AGO,2014,27160769
Angola,AGO,2015,28157798
Angola,AGO,2016,29183070
Angola,AGO,2017,30234839
Angola,AGO,2018,31297155
Angola,AGO,2019,32375632
Angola,AGO,2020,33451132
Angola,AGO,2021,34532429
Angola,AGO,2022,35635029
Angola,AGO,2023,36749906
Albania,ALB,1960,1608800
Albania,ALB,1961,1659800
Albania,ALB,1962,1711319
Albania,ALB,1963,1762621
Albania,ALB,1964,1814135
Albania,ALB,1965,1864791
Albania,ALB,1966,1914573
Albania,ALB,1967,1965598
Albania,ALB,1968,2022272
Albania,ALB,1969,2081695
Albania,ALB,1970,2135479
Albania,ALB,1971,2187853
Albania,ALB,1972,2243126
Albania,ALB,1973,2296752
Albania,ALB,1974,2350124
Albania,ALB,1975,2404831
Albania,ALB,1976,2458526
Albania,ALB,1977,2513546
Albania,ALB,1978,2566266
Albania,ALB,1979,2617832
Albania,ALB,1980,2671997
Albania,ALB,1981,2726056
Albania,ALB,1982,2784278
Albania,ALB,1983,2843960
Albania,ALB,1984,2904429
Albania,ALB,1985,2964762
Albania,ALB,1986,3022635
Albania,ALB,1987,3083605
Albania,ALB,1988,3142336
Albania,ALB,1989,3227943
Albania,ALB,1990,3286542
Albania,ALB,1991,3266790
Albania,ALB,1992,3247039
Albania,ALB,1993,3227287
Albania,ALB,1994,3207536
Albania,ALB,1995,3187784
Albania,ALB,1996,3168033
Albania,ALB,1997,3148281
Albania,ALB,1998,3128530
Albania,ALB,1999,3108778
Albania,ALB,2000,3089027
Albania,ALB,2001,3060173
Albania,ALB,2002,3051010
Albania,ALB,2003,3039616
Albania,ALB,2004,3026939
Albania,ALB,2005,3011487
Albania,ALB,2006,2992547
Albania,ALB,2007,2970017
Albania,ALB,2008,2947314
Albania,ALB,2009,2927519
Albania,ALB,2010,2913021
Albania,ALB,2011,2905195
Albania,ALB,2012,2900401
Albania,ALB,2013,2895092
Albania,ALB,2014,2889104
Albania,ALB,2015,2880703
Albania,ALB,2016,2876101
Albania,ALB,2017,2873457
Albania,ALB,2018,2866376
Albania,ALB,2019,2854191
Albania,ALB,2020,2837849
Albania,ALB,2021,2811666
Albania,ALB,2022,2777689
Albania,ALB,2023,2745972
Andorra,AND,1960,9510
Andorra,AND,1961,10283
Andorra,AND,1962,11086
Andorra,AND,1963,11915
Andorra,AND,1964,12764
Andorra,AND,1965,13634
Andorra,AND,1966,14626
Andorra,AND,1967,15837
Andorra,AND,1968,17176
Andorra,AND,1969,18555
Andorra,AND,1970,19977
Andorra,AND,1971,21442
Andorra,AND,1972,22957
Andorra,AND,1973,24523
Andorra,AND,1974,26130
Andorra,AND,1975,27773
Andorra,AND,1976,29436
Andorra,AND,1977,31097
Andorra,AND,1978,32735
Andorra,AND,1979,34306
Andorra,AND,1980,35782
Andorra,AND,1981,37169
Andorra,AND,1982,38764
Andorra,AND,1983,40565
Andorra,AND,1984,42273
Andorra,AND,1985,43825
Andorra,AND,1986,45734
Andorra,AND,1987,47653
Andorra,AND,1988,49416
Andorra,AND,1989,50620
Andorra,AND,1990,52597
Andorra,AND,1991,56667
Andorra,AND,1992,60200
Andorra,AND,1993,63272
Andorra,AND,1994,64612
Andorra,AND,1995,63912
Andorra,AND,1996,63984
Andorra,AND,1997,64700
Andorra,AND,1998,65382
Andorra,AND,1999,65710
Andorra,AND,2000,65685
Andorra,AND,2001,65852
Andorra,AND,2002,66506
Andorra,AND,2003,69486
Andorra,AND,2004,74325
Andorra,AND,2005,77421
Andorra,AND,2006,79585
Andorra,AND,2007,81877
Andorra,AND,2008,83495
Andorra,AND,2009,83888
Andorra,AND,2010,80706
Andorra,AND,2011,77783
Andorra,AND,2012,76834
Andorra,AND,2013,75194
Andorra,AND,2014,73737
Andorra,AND,2015,72174
Andorra,AND,2016,72181
Andorra,AND,2017,73763
Andorra,AND,2018,75162
Andorra,AND,2019,76474
Andorra,AND,2020,77380
Andorra,AND,2021,78364
Andorra,AND,2022,79705
Andorra,AND,2023,80856
Arab World,ARB,1960,91540853
Arab World,ARB,1961,93931683
Arab World,ARB,1962,96428599
Arab World,ARB,1963,99038509
Arab World,ARB,1964,101729760
Arab World,ARB,1965,104494008
Arab World,ARB,1966,107403055
Arab World,ARB,1967,110491709
Arab World,ARB,1968,113712171
Arab World,ARB,1969,117053219
Arab World,ARB,1970,120469263
Arab World,ARB,1971,123950810
Arab World,ARB,1972,127535560
Arab World,ARB,1973,131335660
Arab World,ARB,1974,135282861
Arab World,ARB,1975,139495837
Arab World,ARB,1976,144014135
Arab World,ARB,1977,148599336
Arab World,ARB,1978,153568663
Arab World,ARB,1979,159054118
Arab World,ARB,1980,164657321
Arab World,ARB,1981,170015485
Arab World,ARB,1982,175370356
Arab World,ARB,1983,180973288
Arab World,ARB,1984,186733957
Arab World,ARB,1985,192563243
Arab World,ARB,1986,198509771
Arab World,ARB,1987,204524595
Arab World,ARB,1988,210269696
Arab World,ARB,1989,215969068
Arab World,ARB,1990,223184294
Arab World,ARB,1991,228402316
Arab World,ARB,1992,234321565
Arab World,ARB,1993,240926205
Arab World,ARB,1994,247626514
Arab World,ARB,1995,253952538
Arab World,ARB,1996,260229121
Arab World,ARB,1997,266565183
Arab World,ARB,1998,273094199
Arab World,ARB,1999,279709634
Arab World,ARB,2000,286548096
Arab World,ARB,2001,293580252
Arab World,ARB,2002,300691509
Arab World,ARB,2003,307815105
Arab World,ARB,2004,315060277
Arab World,ARB,2005,322628451
Arab World,ARB,2006,330526310
Arab World,ARB,2007,338947976
Arab World,ARB,2008,347684619
Arab World,ARB,2009,356386673
Arab World,ARB,2010,363568534
Arab World,ARB,2011,372054934
Arab World,ARB,2012,381030177
Arab World,ARB,2013,390954281
Arab World,ARB,2014,400231008
Arab World,ARB,2015,410190679
Arab World,ARB,2016,419808341
Arab World,ARB,2017,428315886
Arab World,ARB,2018,435998060
Arab World,ARB,2019,444281315
Arab World,ARB,2020,453723239
Arab World,ARB,2021,460646603
Arab World,ARB,2022,471352066
Arab World,ARB,2023,481667539
United Arab Emirates,ARE,1960,131334
United Arab Emirates,ARE,1961,137989
United Arab Emirates,ARE,1962,144946
United Arab Emirates,ARE,1963,152211
United Arab Emirates,ARE,1964,159692
United Arab Emirates,ARE,1965,167103
United Arab Emirates,ARE,1966,173976
United Arab Emirates,ARE,1967,179700
United Arab Emirates,ARE,1968,199416
United Arab Emirates,ARE,1969,239660
United Arab Emirates,ARE,1970,286536
United Arab Emirates,ARE,1971,335027
United Arab Emirates,ARE,1972,385014
United Arab Emirates,ARE,1973,436399
United Arab Emirates,ARE,1974,489087
United Arab Emirates,ARE,1975,542856
United Arab Emirates,ARE,1976,615866
United Arab Emirates,ARE,1977,710209
United Arab Emirates,ARE,1978,809274
United Arab Emirates,ARE,1979,912010
United Arab Emirates,ARE,1980,1015700
United Arab Emirates,ARE,1981,1099855
United Arab Emirates,ARE,1982,1166370
United Arab Emirates,ARE,1983,1235305
United Arab Emirates,ARE,1984,1305996
United Arab Emirates,ARE,1985,1377911
United Arab Emirates,ARE,1986,1467383
United Arab Emirates,ARE,1987,1574244
United Arab Emirates,ARE,1988,1681788
United Arab Emirates,ARE,1989,1789851
United Arab Emirates,ARE,1990,1898220
United Arab Emirates,ARE,1991,2006626
United Arab Emirates,ARE,1992,2114730
United Arab Emirates,ARE,1993,2222093
United Arab Emirates,ARE,1994,2328188
United Arab Emirates,ARE,1995,2434662
United Arab Emirates,ARE,1996,2597564
United Arab Emirates,ARE,1997,2817410
United Arab Emirates,ARE,1998,3040421
United Arab Emirates,ARE,1999,3266009
United Arab Emirates,ARE,2000,3493575
United Arab Emirates,ARE,2001,3723590
United Arab Emirates,ARE,2002,3956826
United Arab Emirates,ARE,2003,4192457
United Arab Emirates,ARE,2004,4428967
United Arab Emirates,ARE,2005,4664790
United Arab Emirates,ARE,2006,5009100
United Arab Emirates,ARE,2007,5624635
United Arab Emirates,ARE,2008,6302664
United Arab Emirates,ARE,2009,6707058
United Arab Emirates,ARE,2010,6869838
United Arab Emirates,ARE,2011,7104538
United Arab Emirates,ARE,2012,7391448
United Arab Emirates,ARE,2013,7693031
United Arab Emirates,ARE,2014,8059440
United Arab Emirates,ARE,2015,8505237
United Arab Emirates,ARE,2016,8935095
United Arab Emirates,ARE,2017,9223225
United Arab Emirates,ARE,2018,9346701
United Arab Emirates,ARE,2019,9445785
United Arab Emirates,ARE,2020,9401038
United Arab Emirates,ARE,2021,9575152
United Arab Emirates,ARE,2022,10074977
United Arab Emirates,ARE,2023,10483751
Argentina,ARG,1960,20386045
Argentina,ARG,1961,20726276
Argentina,ARG,1962,21072538
Argentina,ARG,1963,21421705
Argentina,ARG,1964,21769453
Argentina,ARG,1965,22112629
Argentina,ARG,1966,22453893
Argentina,ARG,1967,22799059
Argentina,ARG,1968,23150583
Argentina,ARG,1969,23508711
Argentina,ARG,1970,23878327
Argentina,ARG,1971,24257208
Argentina,ARG,1972,24644328
Argentina,ARG,1973,25046005
Argentina,ARG,1974,25461351
Argentina,ARG,1975,25874107
Argentina,ARG,1976,26282283
Argentina,ARG,1977,26701805
Argentina,ARG,1978,27132158
Argentina,ARG,1979,27568895
Argentina,ARG,1980,28011596
Argentina,ARG,1981,28463959
Argentina,ARG,1982,28924262
Argentina,ARG,1983,29391332
Argentina,ARG,1984,29863093
Argentina,ARG,1985,30336441
Argentina,ARG,1986,30811980
Argentina,ARG,1987,31291762
Argentina,ARG,1988,31780532
Argentina,ARG,1989,32270948
Argentina,ARG,1990,32755901
Argentina,ARG,1991,33230294
Argentina,ARG,1992,33693527
Argentina,ARG,1993,34152717
Argentina,ARG,1994,34613491
Argentina,ARG,1995,35070020
Argentina,ARG,1996,35513793
Argentina,ARG,1997,35947791
Argentina,ARG,1998,36372860
Argentina,ARG,1999,36794682
Argentina,ARG,2000,37213984
Argentina,ARG,2001,37624825
Argentina,ARG,2002,38029349
Argentina,ARG,2003,38424282
Argentina,ARG,2004,38815916
Argentina,ARG,2005,39216789
Argentina,ARG,2006,39622115
Argentina,ARG,2007,40016763
Argentina,ARG,2008,40424148
Argentina,ARG,2009,40854831
Argentina,ARG,2010,41288694
Argentina,ARG,2011,41730660
Argentina,ARG,2012,42161721
Argentina,ARG,2013,42582455
Argentina,ARG,2014,43024071
Argentina,ARG,2015,43477012
Argentina,ARG,2016,43900313
Argentina,ARG,2017,44288894
Argentina,ARG,2018,44654882
Argentina,ARG,2019,44973465
Argentina,ARG,2020,45191965
Argentina,ARG,2021,45312281
Argentina,ARG,2022,45407904
Argentina,ARG,2023,45538401
Armenia,ARM,1960,1863705
Armenia,ARM,1961,1927484
Armenia,ARM,1962,1991689
Armenia,ARM,1963,2056023
Armenia,ARM,1964,2120135
Armenia,ARM,1965,2183635
Armenia,ARM,1966,2246159
Armenia,ARM,1967,2307492
Armenia,ARM,1968,2367319
Armenia,ARM,1969,2424030
Armenia,ARM,1970,2475633
Armenia,ARM,1971,2525345
Armenia,ARM,1972,2577079
Armenia,ARM,1973,2630860
Armenia,ARM,1974,2686445
Armenia,ARM,1975,2743660
Armenia,ARM,1976,2818165
Armenia,ARM,1977,2912827
Armenia,ARM,1978,3012807
Armenia,ARM,1979,3078501
Armenia,ARM,1980,3107415
Armenia,ARM,1981,3135349
Armenia,ARM,1982,3163144
Armenia,ARM,1983,3191539
Armenia,ARM,1984,3224547
Armenia,ARM,1985,3260432
Armenia,ARM,1986,3294847
Armenia,ARM,1987,3328520
Armenia,ARM,1988,3355125
Armenia,ARM,1989,3443100
Armenia,ARM,1990,3552128
Armenia,ARM,1991,3613977
Armenia,ARM,1992,3571861
Armenia,ARM,1993,3453332
Armenia,ARM,1994,3364610
Armenia,ARM,1995,3307581
Armenia,ARM,1996,3278735
Armenia,ARM,1997,3246289
Armenia,ARM,1998,3208401
Armenia,ARM,1999,3167286
Armenia,ARM,2000,3221100
Armenia,ARM,2001,3211800
Armenia,ARM,2002,3199800
Armenia,ARM,2003,3182500
Armenia,ARM,2004,3164900
Armenia,ARM,2005,3146400
Armenia,ARM,2006,3127100
Armenia,ARM,2007,3107400
Armenia,ARM,2008,3087100
Armenia,ARM,2009,3066000
Armenia,ARM,2010,3044800
Armenia,ARM,2011,3027900
Armenia,ARM,2012,3024100
Armenia,ARM,2013,3022000
Armenia,ARM,2014,3013800
Armenia,ARM,2015,3004600
Armenia,ARM,2016,2992300
Armenia,ARM,2017,2979400
Armenia,ARM,2018,2969000
Armenia,ARM,2019,2962500
Armenia,ARM,2020,2961500
Armenia,ARM,2021,2962300
Armenia,ARM,2022,2969200
Armenia,ARM,2023,2990900
American Samoa,ASM,1960,20133
American Samoa,ASM,1961,20666
American Samoa,ASM,1962,21298
American Samoa,ASM,1963,21966
American Samoa,ASM,1964,22673
American Samoa,ASM,1965,23406
American Samoa,ASM,1966,24136
American Samoa,ASM,1967,24863
American Samoa,ASM,1968,25614
American Samoa,ASM,1969,26375
American Samoa,ASM,1970,27026
American Samoa,ASM,1971,27533
American Samoa,ASM,1972,27995
American Samoa,ASM,1973,28436
American Samoa,ASM,1974,28875
American Samoa,ASM,1975,29390
American Samoa,ASM,1976,29959
American Samoa,ASM,1977,30521
American Samoa,ASM,1978,31076
American Samoa,ASM,1979,31611
American Samoa,ASM,1980,32403
American Samoa,ASM,1981,33584
American Samoa,ASM,1982,34909
American Samoa,ASM,1983,36271
American Samoa,ASM,1984,37667
American Samoa,ASM,1985,39103
American Samoa,ASM,1986,40571
American Samoa,ASM,1987,42072
American Samoa,ASM,1988,43615
American Samoa,ASM,1989,45191
American Samoa,ASM,1990,46640
American Samoa,ASM,1991,47882
American Samoa,ASM,1992,49038
American Samoa,ASM,1993,50159
American Samoa,ASM,1994,51251
American Samoa,ASM,1995,52316
American Samoa,ASM,1996,53353
American Samoa,ASM,1997,54362
American Samoa,ASM,1998,55334
American Samoa,ASM,1999,56248
American Samoa,ASM,2000,56855
American Samoa,ASM,2001,57053
American Samoa,ASM,2002,57062
American Samoa,ASM,2003,56971
American Samoa,ASM,2004,56818
American Samoa,ASM,2005,56617
American Samoa,ASM,2006,56374
American Samoa,ASM,2007,56113
American Samoa,ASM,2008,55828
American Samoa,ASM,2009,55528
American Samoa,ASM,2010,55228
American Samoa,ASM,2011,54895
American Samoa,ASM,2012,54489
American Samoa,ASM,2013,54006
American Samoa,ASM,2014,53466
American Samoa,ASM,2015,52878
American Samoa,ASM,2016,52245
American Samoa,ASM,2017,51586
American Samoa,ASM,2018,50908
American Samoa,ASM,2019,50209
American Samoa,ASM,2020,49761
American Samoa,ASM,2021,49225
American Samoa,ASM,2022,48342
American Samoa,ASM,2023,47521
Antigua and Barbuda,ATG,1960,55603
Antigua and Barbuda,ATG,1961,56540
Antigua and Barbuda,ATG,1962,57336
Antigua and Barbuda,ATG,1963,58138
Antigua and Barbuda,ATG,1964,59020
Antigua and Barbuda,ATG,1965,59970
Antigua and Barbuda,ATG,1966,60900
Antigua and Barbuda,ATG,1967,61837
Antigua and Barbuda,ATG,1968,62809
Antigua and Barbuda,ATG,1969,63819
Antigua and Barbuda,ATG,1970,64528
Antigua and Barbuda,ATG,1971,64729
Antigua and Barbuda,ATG,1972,64615
Antigua and Barbuda,ATG,1973,64342
Antigua and Barbuda,ATG,1974,64058
Antigua and Barbuda,ATG,1975,63839
Antigua and Barbuda,ATG,1976,63762
Antigua and Barbuda,ATG,1977,63862
Antigua and Barbuda,ATG,1978,64038
Antigua and Barbuda,ATG,1979,64274
Antigua and Barbuda,ATG,1980,64513
Antigua and Barbuda,ATG,1981,64665
Antigua and Barbuda,ATG,1982,64785
Antigua and Barbuda,ATG,1983,64934
Antigua and Barbuda,ATG,1984,64882
Antigua and Barbuda,ATG,1985,64591
Antigua and Barbuda,ATG,1986,64276
Antigua and Barbuda,ATG,1987,63946
Antigua and Barbuda,ATG,1988,63623
Antigua and Barbuda,ATG,1989,63325
Antigua and Barbuda,ATG,1990,63066
Antigua and Barbuda,ATG,1991,63387
Antigua and Barbuda,ATG,1992,64404
Antigua and Barbuda,ATG,1993,65587
Antigua and Barbuda,ATG,1994,66843
Antigua and Barbuda,ATG,1995,68189
Antigua and Barbuda,ATG,1996,69612
Antigua and Barbuda,ATG,1997,71053
Antigua and Barbuda,ATG,1998,72412
Antigua and Barbuda,ATG,1999,73666
Antigua and Barbuda,ATG,2000,74912
Antigua and Barbuda,ATG,2001,76069
Antigua and Barbuda,ATG,2002,77032
Antigua and Barbuda,ATG,2003,77884
Antigua and Barbuda,ATG,2004,78719
Antigua and Barbuda,ATG,2005,79611
Antigua and Barbuda,ATG,2006,80604
Antigua and Barbuda,ATG,2007,81704
Antigua and Barbuda,ATG,2008,82912
Antigua and Barbuda,ATG,2009,84173
Antigua and Barbuda,ATG,2010,85320
Antigua and Barbuda,ATG,2011,86332
Antigua and Barbuda,ATG,2012,87260
Antigua and Barbuda,ATG,2013,88064
Antigua and Barbuda,ATG,2014,88765
Antigua and Barbuda,ATG,2015,89409
Antigua and Barbuda,ATG,2016,89969
Antigua and Barbuda,ATG,2017,90468
Antigua and Barbuda,ATG,2018,90926
Antigua and Barbuda,ATG,2019,91364
Antigua and Barbuda,ATG,2020,91846
Antigua and Barbuda,ATG,2021,92349
Antigua and Barbuda,ATG,2022,92840
Antigua and Barbuda,ATG,2023,93316
Australia,AUS,1960,10276477
Australia,AUS,1961,10483000
Australia,AUS,1962,10742000
Australia,AUS,1963,10950000
Australia,AUS,1964,11167000
Australia,AUS,1965,11388000
Australia,AUS,1966,11651000
Australia,AUS,1967,11799000
Australia,AUS,1968,12009000
Australia,AUS,1969,12263000
Australia,AUS,1970,12507000
Australia,AUS,1971,12937000
Australia,AUS,1972,13177000
Australia,AUS,1973,13380000
Australia,AUS,1974,13723000
Australia,AUS,1975,13893000
Australia,AUS,1976,14033000
Australia,AUS,1977,14192000
Australia,AUS,1978,14358000
Australia,AUS,1979,14514000
Australia,AUS,1980,14692000
Australia,AUS,1981,14923260
Australia,AUS,1982,15184247
Australia,AUS,1983,15393472
Australia,AUS,1984,15579391
Australia,AUS,1985,15788312
Australia,AUS,1986,16018350
Australia,AUS,1987,16263874
Australia,AUS,1988,16532164
Australia,AUS,1989,16814416
Australia,AUS,1990,17065128
Australia,AUS,1991,17284036
Australia,AUS,1992,17478635
Australia,AUS,1993,17634808
Australia,AUS,1994,17805468
Australia,AUS,1995,18004882
Australia,AUS,1996,18224767
Australia,AUS,1997,18423037
Australia,AUS,1998,18607584
Australia,AUS,1999,18812264
Australia,AUS,2000,19028802
Australia,AUS,2001,19274701
Australia,AUS,2002,19495210
Australia,AUS,2003,19720737
Australia,AUS,2004,19932722
Australia,AUS,2005,20176844
Australia,AUS,2006,20450966
Australia,AUS,2007,20827622
Australia,AUS,2008,21249199
Australia,AUS,2009,21691653
Australia,AUS,2010,22031750
Australia,AUS,2011,22340024
Australia,AUS,2012,22733465
Australia,AUS,2013,23128129
Australia,AUS,2014,23475686
Australia,AUS,2015,23815995
Australia,AUS,2016,24190907
Australia,AUS,2017,24592588
Australia,AUS,2018,24963258
Australia,AUS,2019,25334826
Australia,AUS,2020,25649248
Australia,AUS,2021,25685412
Australia,AUS,2022,26014399
Australia,AUS,2023,26658948
Austria,AUT,1960,7047539
Austria,AUT,1961,7086299
Austria,AUT,1962,7129864
Austria,AUT,1963,7175811
Austria,AUT,1964,7223801
Austria,AUT,1965,7270889
Austria,AUT,1966,7322066
Austria,AUT,1967,7376998
Austria,AUT,1968,7415403
Austria,AUT,1969,7441055
Austria,AUT,1970,7467086
Austria,AUT,1971,7500482
Austria,AUT,1972,7544201
Austria,AUT,1973,7586115
Austria,AUT,1974,7599038
Austria,AUT,1975,7578903
Austria,AUT,1976,7565525
Austria,AUT,1977,7568430
Austria,AUT,1978,7562305
Austria,AUT,1979,7549425
Austria,AUT,1980,7549433
Austria,AUT,1981,7568710
Austria,AUT,1982,7574140
Austria,AUT,1983,7561910
Austria,AUT,1984,7561434
Austria,AUT,1985,7564985
Austria,AUT,1986,7569794
Austria,AUT,1987,7574586
Austria,AUT,1988,7585317
Austria,AUT,1989,7619567
Austria,AUT,1990,7677850
Austria,AUT,1991,7754891
Austria,AUT,1992,7840709
Austria,AUT,1993,7905633
Austria,AUT,1994,7936118
Austria,AUT,1995,7948278
Austria,AUT,1996,7959017
Austria,AUT,1997,7968041
Austria,AUT,1998,7976789
Austria,AUT,1999,7992324
Austria,AUT,2000,8011566
Austria,AUT,2001,8042293
Austria,AUT,2002,8081957
Austria,AUT,2003,8121423
Austria,AUT,2004,8171966
Austria,AUT,2005,8227829
Austria,AUT,2006,8268641
Austria,AUT,2007,8295487
Austria,AUT,2008,8321496
Austria,AUT,2009,8343323
Austria,AUT,2010,8363404
Austria,AUT,2011,8391643
Austria,AUT,2012,8429991
Austria,AUT,2013,8479823
Austria,AUT,2014,8546356
Austria,AUT,2015,8642699
Austria,AUT,2016,8736668
Austria,AUT,2017,8797566
Austria,AUT,2018,8840521
Austria,AUT,2019,8879920
Austria,AUT,2020,8916864
Austria,AUT,2021,8955797
Austria,AUT,2022,9041851
Austria,AUT,2023,9131761
Azerbaijan,AZE,1960,3894500
Azerbaijan,AZE,1961,4045750
Azerbaijan,AZE,1962,4168150
Azerbaijan,AZE,1963,4293550
Azerbaijan,AZE,1964,4439250
Azerbaijan,AZE,1965,4574650
Azerbaijan,AZE,1966,4708150
Azerbaijan,AZE,1967,4832000
Azerbaijan,AZE,1968,4948500
Azerbaijan,AZE,1969,5063300
Azerbaijan,AZE,1970,5172050
Azerbaijan,AZE,1971,5282950
Azerbaijan,AZE,1972,5391450
Azerbaijan,AZE,1973,5493900
Azerbaijan,AZE,1974,5594100
Azerbaijan,AZE,1975,5689050
Azerbaijan,AZE,1976,5781000
Azerbaijan,AZE,1977,5876150
Azerbaijan,AZE,1978,5976150
Azerbaijan,AZE,1979,6071300
Azerbaijan,AZE,1980,6160500
Azerbaijan,AZE,1981,6257750
Azerbaijan,AZE,1982,6357550
Azerbaijan,AZE,1983,6459800
Azerbaijan,AZE,1984,6567850
Azerbaijan,AZE,1985,6670150
Azerbaijan,AZE,1986,6770300
Azerbaijan,AZE,1987,6875350
Azerbaijan,AZE,1988,6974600
Azerbaijan,AZE,1989,7076550
Azerbaijan,AZE,1990,7175200
Azerbaijan,AZE,1991,7271300
Azerbaijan,AZE,1992,7382050
Azerbaijan,AZE,1993,7494800
Azerbaijan,AZE,1994,7596550
Azerbaijan,AZE,1995,7684850
Azerbaijan,AZE,1996,7763000
Azerbaijan,AZE,1997,7838250
Azerbaijan,AZE,1998,7913000
